index,x,y,z,maintype,celltype,leiden
x2_35_0_bc0013,2.23321,-0.91565627,-2.4049892,Excitatory,ExcL4,3
x2_35_0_bc0014,1.6640615,0.7843831,-2.001454,Excitatory,ExcL5_3,9